[{"clientName": "Asurion", "won": 0, "lost": 0, "review": 0, "newProposal": 1, "inProgress": 0, "totalProposals":0},{"clientName": "Citi", "won": 1, "lost": 0, "review": 2, "newProposal": 1, "inProgress": 0, "totalProposals":4},{"clientName": "HSBC", "won": 0, "lost": 0, "review": 0, "newProposal": 2, "inProgress": 0, "totalProposals":2},{"clientName": "Market Group", "won": 1, "lost": 1, "review": 0, "newProposal": 1, "inProgress": 0, "totalProposals":3},{"clientName": "Morgan Stanley", "won": 4, "lost": 1, "review": 1, "newProposal": 1, "inProgress": 0, "totalProposals":7},{"clientName": "Wells Fargo", "won": 2, "lost": 0, "review": 2, "newProposal": 1, "inProgress": 0, "totalProposals":5}]
